               epoch,      train/box_loss,      train/obj_loss,      train/cls_loss,   metrics/precision,      metrics/recall,     metrics/mAP_0.5,metrics/mAP_0.5:0.95,        val/box_loss,        val/obj_loss,        val/cls_loss,               x/lr0,               x/lr1,               x/lr2
                   0,             0.11721,            0.054623,                   0,           0.0038889,             0.22581,           0.0054851,           0.0021231,             0.11733,             0.02475,                   0,              0.0919,              0.0009,              0.0009
                   1,             0.11235,            0.053829,                   0,           0.0039286,             0.53226,            0.018615,           0.0052368,             0.11004,            0.021049,                   0,            0.082891,           0.0018906,           0.0018906
                   2,             0.10602,            0.059639,                   0,             0.12785,             0.14516,            0.050281,            0.014396,             0.10186,             0.01914,                   0,            0.073871,           0.0028713,           0.0028713
                   3,            0.099265,            0.056625,                   0,             0.16121,             0.13335,            0.079745,             0.02921,             0.09251,            0.019037,                   0,            0.064842,           0.0038421,           0.0038421
                   4,            0.094693,             0.07288,                   0,             0.24285,             0.19355,             0.12469,             0.03457,            0.087296,            0.018703,                   0,            0.055803,            0.004803,            0.004803
                   5,            0.089702,            0.068817,                   0,             0.18196,             0.23325,             0.11952,            0.033572,            0.082364,            0.019327,                   0,            0.046754,            0.005754,            0.005754
                   6,            0.088309,            0.067666,                   0,              0.2081,             0.24194,             0.14008,            0.046634,            0.081108,            0.018227,                   0,            0.037695,           0.0066951,           0.0066951
                   7,            0.086487,            0.072604,                   0,             0.24254,             0.29032,             0.20287,            0.060496,            0.078474,            0.019159,                   0,            0.028626,           0.0076263,           0.0076263
                   8,            0.083238,            0.070532,                   0,             0.20678,             0.27419,             0.14155,             0.04728,            0.079293,            0.020452,                   0,            0.019548,           0.0085476,           0.0085476
                   9,            0.082235,            0.071111,                   0,              0.1865,             0.42154,              0.1766,            0.065876,            0.076523,            0.022526,                   0,            0.010459,            0.009459,            0.009459
                  10,            0.080877,            0.068592,                   0,             0.17689,             0.35484,             0.13809,            0.047788,            0.078519,            0.026791,                   0,            0.009505,            0.009505,            0.009505
                  11,            0.076868,            0.067219,                   0,            0.070035,              0.3871,            0.067009,            0.017222,            0.075237,             0.03072,                   0,            0.009505,            0.009505,            0.009505
                  12,            0.078192,            0.069183,                   0,            0.091802,             0.12903,            0.043964,            0.015482,            0.075732,            0.036011,                   0,           0.0094555,           0.0094555,           0.0094555
                  13,            0.076461,            0.071299,                   0,             0.17732,             0.17742,            0.096634,             0.03198,            0.072305,            0.045738,                   0,            0.009406,            0.009406,            0.009406
                  14,             0.07225,            0.071436,                   0,             0.16325,             0.40323,             0.16863,            0.067471,            0.067397,            0.034821,                   0,           0.0093565,           0.0093565,           0.0093565
                  15,            0.069891,            0.071028,                   0,             0.11148,             0.30645,              0.1072,              0.0291,            0.070549,            0.044167,                   0,            0.009307,            0.009307,            0.009307
                  16,            0.071015,            0.065416,                   0,             0.15499,             0.30645,             0.13066,            0.043716,            0.068644,            0.030975,                   0,           0.0092575,           0.0092575,           0.0092575
                  17,            0.069528,            0.071156,                   0,             0.32837,             0.45161,             0.31659,            0.099458,            0.061165,            0.027367,                   0,            0.009208,            0.009208,            0.009208
                  18,            0.069849,            0.063843,                   0,             0.33814,             0.45161,             0.25704,            0.077675,             0.06516,            0.020939,                   0,           0.0091585,           0.0091585,           0.0091585
                  19,            0.068943,            0.065394,                   0,             0.46293,             0.43548,              0.4091,             0.14303,            0.057461,            0.020229,                   0,            0.009109,            0.009109,            0.009109
                  20,            0.066002,            0.067598,                   0,             0.34455,             0.40323,             0.31275,             0.10569,            0.056916,            0.019955,                   0,           0.0090595,           0.0090595,           0.0090595
                  21,            0.064795,            0.072144,                   0,             0.34013,                 0.5,              0.3348,             0.10276,            0.058015,            0.018839,                   0,             0.00901,             0.00901,             0.00901
                  22,            0.065133,            0.066781,                   0,             0.60411,             0.48387,             0.51307,              0.1617,            0.054544,            0.017265,                   0,           0.0089605,           0.0089605,           0.0089605
                  23,            0.066578,            0.075826,                   0,             0.34466,             0.50901,             0.37886,             0.11482,            0.057308,            0.016058,                   0,            0.008911,            0.008911,            0.008911
                  24,            0.065065,            0.069894,                   0,             0.34363,             0.53226,             0.33358,             0.10809,            0.056054,            0.019234,                   0,           0.0088615,           0.0088615,           0.0088615
                  25,            0.062673,            0.068743,                   0,             0.43573,             0.53226,             0.42345,             0.13661,            0.054277,            0.019615,                   0,            0.008812,            0.008812,            0.008812
                  26,            0.063163,            0.065278,                   0,             0.33848,             0.45161,             0.29264,             0.10674,             0.05671,            0.018887,                   0,           0.0087625,           0.0087625,           0.0087625
                  27,            0.066031,            0.065981,                   0,             0.66312,             0.63505,             0.61927,             0.23108,            0.050974,            0.015173,                   0,            0.008713,            0.008713,            0.008713
                  28,            0.062173,            0.064939,                   0,             0.55989,             0.57458,             0.54786,             0.19614,            0.051957,            0.016258,                   0,           0.0086635,           0.0086635,           0.0086635
                  29,            0.061449,            0.062049,                   0,             0.61971,             0.59677,             0.56859,             0.20282,            0.053103,            0.015974,                   0,            0.008614,            0.008614,            0.008614
                  30,            0.060053,            0.065411,                   0,             0.62011,             0.64516,             0.61921,             0.22234,             0.05594,            0.014383,                   0,           0.0085645,           0.0085645,           0.0085645
                  31,            0.061707,            0.063011,                   0,             0.65391,             0.64516,              0.6423,             0.24845,            0.051694,             0.01491,                   0,            0.008515,            0.008515,            0.008515
                  32,            0.060988,            0.066484,                   0,             0.53361,             0.66129,             0.60643,             0.20764,            0.054574,            0.015465,                   0,           0.0084655,           0.0084655,           0.0084655
                  33,            0.060084,            0.067228,                   0,             0.71114,              0.6129,             0.63861,             0.24043,            0.053091,            0.014807,                   0,            0.008416,            0.008416,            0.008416
                  34,            0.060905,            0.067666,                   0,             0.71737,             0.58065,             0.63792,             0.24835,            0.051824,            0.014009,                   0,           0.0083665,           0.0083665,           0.0083665
                  35,            0.060509,            0.063621,                   0,             0.59352,             0.59677,             0.54753,             0.22687,            0.051374,             0.01461,                   0,            0.008317,            0.008317,            0.008317
                  36,            0.059614,            0.066012,                   0,             0.45866,             0.56452,             0.43994,             0.16631,            0.055106,            0.017092,                   0,           0.0082675,           0.0082675,           0.0082675
                  37,            0.060071,            0.065714,                   0,             0.62614,             0.59677,             0.55705,             0.24517,            0.052521,             0.01519,                   0,            0.008218,            0.008218,            0.008218
                  38,            0.057166,            0.061404,                   0,             0.61496,             0.62903,             0.60235,             0.23198,            0.050685,            0.017344,                   0,           0.0081685,           0.0081685,           0.0081685
                  39,            0.060387,            0.061496,                   0,             0.64415,             0.64516,             0.65576,             0.24253,            0.050512,            0.015011,                   0,            0.008119,            0.008119,            0.008119
                  40,            0.059199,            0.063506,                   0,              0.5993,             0.53226,             0.54723,             0.22249,            0.051588,            0.014969,                   0,           0.0080695,           0.0080695,           0.0080695
                  41,            0.060357,            0.071301,                   0,             0.48734,             0.58065,              0.5351,             0.19249,            0.050345,            0.017334,                   0,             0.00802,             0.00802,             0.00802
                  42,             0.05911,            0.069614,                   0,             0.68101,             0.56452,             0.59372,             0.20492,            0.051386,            0.015596,                   0,           0.0079705,           0.0079705,           0.0079705
                  43,            0.059414,            0.068814,                   0,             0.71957,             0.57943,              0.6354,             0.25368,            0.049633,            0.013817,                   0,            0.007921,            0.007921,            0.007921
                  44,            0.057838,            0.068717,                   0,             0.76673,             0.56452,             0.65628,             0.25162,            0.050758,            0.013769,                   0,           0.0078715,           0.0078715,           0.0078715
                  45,            0.057881,            0.058527,                   0,             0.81337,             0.56241,             0.66687,             0.24531,            0.050895,             0.01606,                   0,            0.007822,            0.007822,            0.007822
                  46,            0.059747,            0.062889,                   0,             0.65429,             0.56452,             0.63698,             0.17425,            0.050613,            0.016228,                   0,           0.0077725,           0.0077725,           0.0077725
                  47,            0.056434,            0.061675,                   0,             0.65929,             0.70968,             0.64579,             0.23394,            0.050005,             0.01516,                   0,            0.007723,            0.007723,            0.007723
                  48,            0.057362,            0.062235,                   0,             0.67858,             0.71514,             0.74982,             0.26567,            0.048874,            0.014324,                   0,           0.0076735,           0.0076735,           0.0076735
                  49,            0.059269,             0.06722,                   0,             0.57542,              0.6129,             0.51157,             0.20556,            0.052077,            0.014767,                   0,            0.007624,            0.007624,            0.007624
                  50,            0.059257,            0.065712,                   0,             0.57085,              0.6129,             0.54129,                0.22,            0.052578,            0.014435,                   0,           0.0075745,           0.0075745,           0.0075745
                  51,            0.057064,            0.060773,                   0,             0.72821,             0.74194,             0.74403,             0.24272,            0.049305,             0.01424,                   0,            0.007525,            0.007525,            0.007525
                  52,            0.056963,            0.063879,                   0,             0.64597,             0.64748,             0.69175,             0.21126,            0.049974,            0.014799,                   0,           0.0074755,           0.0074755,           0.0074755
                  53,            0.053689,            0.059457,                   0,              0.6467,             0.67742,              0.7097,             0.22504,            0.049396,            0.014919,                   0,            0.007426,            0.007426,            0.007426
                  54,            0.059408,            0.071477,                   0,             0.62532,             0.69355,             0.64428,             0.20095,            0.048898,            0.014914,                   0,           0.0073765,           0.0073765,           0.0073765
                  55,            0.056954,            0.070192,                   0,             0.59974,             0.54839,             0.57118,             0.21331,            0.049471,            0.015911,                   0,            0.007327,            0.007327,            0.007327
                  56,            0.056485,            0.069889,                   0,             0.50221,             0.54839,             0.52683,             0.21031,            0.050296,            0.016233,                   0,           0.0072775,           0.0072775,           0.0072775
                  57,            0.056052,            0.059019,                   0,             0.63896,             0.56452,             0.63641,             0.27407,            0.049868,            0.014332,                   0,            0.007228,            0.007228,            0.007228
                  58,             0.05937,            0.065859,                   0,             0.74107,             0.73865,             0.76327,             0.28077,            0.047774,             0.01375,                   0,           0.0071785,           0.0071785,           0.0071785
                  59,            0.056592,            0.066993,                   0,             0.75962,             0.67742,             0.71123,             0.28725,            0.046538,            0.014793,                   0,            0.007129,            0.007129,            0.007129
                  60,            0.054192,            0.060201,                   0,             0.68789,             0.67742,             0.68746,             0.27708,            0.048797,             0.01442,                   0,           0.0070795,           0.0070795,           0.0070795
                  61,            0.054711,            0.054716,                   0,             0.69478,             0.62903,             0.65784,             0.26926,            0.048573,            0.014212,                   0,             0.00703,             0.00703,             0.00703
                  62,            0.054799,            0.063814,                   0,              0.7054,             0.62903,             0.63833,             0.26368,            0.049378,            0.014452,                   0,           0.0069805,           0.0069805,           0.0069805
                  63,            0.052673,            0.056055,                   0,             0.75778,             0.70968,             0.71507,             0.26789,            0.048764,            0.014294,                   0,            0.006931,            0.006931,            0.006931
                  64,            0.056603,            0.063432,                   0,             0.67092,             0.62903,             0.64982,               0.242,            0.049412,            0.015871,                   0,           0.0068815,           0.0068815,           0.0068815
                  65,            0.055672,            0.065247,                   0,             0.67017,             0.70968,             0.70091,             0.26708,            0.048025,            0.014572,                   0,            0.006832,            0.006832,            0.006832
                  66,            0.056039,            0.065409,                   0,             0.60837,             0.67742,              0.6124,             0.23897,            0.050638,            0.014147,                   0,           0.0067825,           0.0067825,           0.0067825
                  67,            0.056164,            0.059156,                   0,             0.62855,             0.67742,             0.62492,             0.25623,            0.051137,            0.014624,                   0,            0.006733,            0.006733,            0.006733
                  68,            0.056158,            0.065381,                   0,             0.55742,             0.58917,             0.52888,             0.20712,            0.051956,             0.01506,                   0,           0.0066835,           0.0066835,           0.0066835
                  69,            0.053147,            0.057946,                   0,             0.63493,             0.62903,             0.60253,             0.24659,            0.052292,            0.015272,                   0,            0.006634,            0.006634,            0.006634
                  70,            0.055488,            0.058576,                   0,             0.50414,             0.54839,              0.4937,             0.21062,             0.05382,            0.015247,                   0,           0.0065845,           0.0065845,           0.0065845
                  71,            0.054426,            0.057378,                   0,              0.7093,             0.51167,             0.61279,             0.24936,            0.051169,            0.014996,                   0,            0.006535,            0.006535,            0.006535
                  72,            0.052411,            0.056161,                   0,             0.61329,             0.54839,             0.57977,             0.24412,            0.051766,            0.014927,                   0,           0.0064855,           0.0064855,           0.0064855
                  73,            0.053982,            0.060658,                   0,             0.55656,             0.62903,             0.56723,             0.22496,            0.050407,            0.015251,                   0,            0.006436,            0.006436,            0.006436
                  74,            0.052626,            0.059254,                   0,             0.62396,             0.64234,             0.65211,             0.23788,            0.049621,            0.014339,                   0,           0.0063865,           0.0063865,           0.0063865
                  75,            0.053294,            0.051131,                   0,              0.6675,             0.53226,             0.57084,             0.20975,            0.051522,            0.016005,                   0,            0.006337,            0.006337,            0.006337
                  76,            0.055281,            0.056148,                   0,             0.67769,             0.54839,             0.59333,             0.23751,            0.050995,            0.016037,                   0,           0.0062875,           0.0062875,           0.0062875
                  77,            0.057262,            0.065917,                   0,              0.6153,             0.72581,             0.70366,              0.2971,            0.048291,            0.014692,                   0,            0.006238,            0.006238,            0.006238
                  78,            0.050407,            0.060993,                   0,             0.67553,             0.70523,             0.67121,             0.25783,            0.049178,            0.014736,                   0,           0.0061885,           0.0061885,           0.0061885
                  79,            0.051941,            0.057905,                   0,             0.70779,              0.6642,              0.6819,             0.27595,            0.049847,            0.014439,                   0,            0.006139,            0.006139,            0.006139
                  80,            0.051578,            0.057323,                   0,             0.77325,             0.58065,             0.69144,              0.2931,            0.050563,            0.014618,                   0,           0.0060895,           0.0060895,           0.0060895
                  81,            0.053872,            0.061033,                   0,             0.66663,             0.58065,             0.66742,             0.28653,            0.049034,            0.015497,                   0,             0.00604,             0.00604,             0.00604
                  82,            0.052517,            0.061261,                   0,             0.67813,             0.59677,             0.67164,             0.27603,            0.049965,            0.014238,                   0,           0.0059905,           0.0059905,           0.0059905
                  83,            0.053436,            0.064124,                   0,             0.65659,             0.59677,             0.63917,             0.28921,            0.048009,            0.014002,                   0,            0.005941,            0.005941,            0.005941
                  84,            0.052746,            0.055416,                   0,             0.68454,             0.62903,             0.67123,             0.28183,            0.048305,            0.014141,                   0,           0.0058915,           0.0058915,           0.0058915
                  85,            0.050977,            0.059762,                   0,             0.74797,             0.67021,             0.72971,              0.3044,            0.048993,            0.013674,                   0,            0.005842,            0.005842,            0.005842
                  86,            0.055894,            0.059816,                   0,             0.74363,             0.64516,             0.68625,             0.29699,            0.048844,            0.013281,                   0,           0.0057925,           0.0057925,           0.0057925
                  87,            0.051938,             0.06043,                   0,             0.76009,             0.66129,             0.71544,             0.31282,             0.04868,            0.013674,                   0,            0.005743,            0.005743,            0.005743
                  88,            0.054616,            0.069496,                   0,             0.71932,             0.70277,             0.73429,             0.31609,            0.048227,            0.013533,                   0,           0.0056935,           0.0056935,           0.0056935
                  89,            0.051738,            0.057713,                   0,             0.81358,             0.66129,             0.72147,             0.29432,            0.050573,            0.014137,                   0,            0.005644,            0.005644,            0.005644
                  90,            0.053794,            0.069882,                   0,             0.73999,             0.69355,             0.68584,             0.27127,            0.050687,            0.014587,                   0,           0.0055945,           0.0055945,           0.0055945
                  91,            0.054226,            0.065281,                   0,             0.70264,             0.72581,              0.6873,             0.24936,            0.049674,            0.014488,                   0,            0.005545,            0.005545,            0.005545
                  92,            0.053922,             0.06523,                   0,             0.62004,             0.67742,             0.66446,             0.23968,            0.049396,            0.014254,                   0,           0.0054955,           0.0054955,           0.0054955
                  93,            0.053325,             0.06576,                   0,             0.63961,             0.62977,             0.63507,              0.2535,            0.049706,              0.0144,                   0,            0.005446,            0.005446,            0.005446
                  94,            0.051903,            0.057496,                   0,             0.70803,             0.64516,             0.66531,             0.25969,            0.050317,            0.014372,                   0,           0.0053965,           0.0053965,           0.0053965
                  95,            0.051657,            0.065158,                   0,             0.63491,             0.64513,             0.60665,             0.22873,            0.050473,            0.014553,                   0,            0.005347,            0.005347,            0.005347
                  96,            0.052296,            0.058848,                   0,             0.65856,             0.68445,             0.67863,             0.25707,            0.049874,            0.013834,                   0,           0.0052975,           0.0052975,           0.0052975
                  97,            0.052863,            0.064691,                   0,             0.64484,             0.70968,             0.67762,             0.25024,            0.050779,            0.014309,                   0,            0.005248,            0.005248,            0.005248
                  98,            0.050271,            0.063089,                   0,             0.67991,             0.72581,             0.66198,             0.25596,             0.05063,            0.013815,                   0,           0.0051985,           0.0051985,           0.0051985
                  99,            0.050424,            0.059237,                   0,             0.64489,             0.66129,             0.60152,             0.25396,            0.051645,            0.013685,                   0,            0.005149,            0.005149,            0.005149
                 100,             0.05018,             0.05946,                   0,             0.67086,             0.72581,             0.65713,             0.26529,            0.050134,            0.013489,                   0,           0.0050995,           0.0050995,           0.0050995
                 101,            0.052077,            0.055498,                   0,             0.66591,             0.77158,              0.6707,             0.25675,            0.050472,            0.013308,                   0,             0.00505,             0.00505,             0.00505
                 102,            0.049942,            0.057301,                   0,             0.68762,             0.79032,             0.70896,             0.28503,            0.048773,            0.013199,                   0,           0.0050005,           0.0050005,           0.0050005
                 103,            0.051498,            0.053441,                   0,             0.71091,             0.79032,             0.76036,             0.32675,            0.047471,            0.013094,                   0,            0.004951,            0.004951,            0.004951
                 104,            0.052456,            0.062465,                   0,             0.66258,             0.72848,             0.70743,             0.28177,             0.04903,            0.013536,                   0,           0.0049015,           0.0049015,           0.0049015
                 105,            0.050407,             0.05849,                   0,             0.57506,             0.69851,             0.58047,             0.22074,            0.050126,            0.015062,                   0,            0.004852,            0.004852,            0.004852
                 106,            0.051279,             0.05728,                   0,             0.69343,             0.62903,             0.63655,             0.24125,            0.049528,            0.014248,                   0,           0.0048025,           0.0048025,           0.0048025
                 107,            0.052206,            0.059918,                   0,             0.68395,             0.72581,             0.67248,              0.2833,            0.047885,            0.013641,                   0,            0.004753,            0.004753,            0.004753
                 108,            0.051374,            0.058218,                   0,             0.66974,             0.68695,             0.66855,              0.2843,            0.049231,            0.013453,                   0,           0.0047035,           0.0047035,           0.0047035
                 109,            0.052157,            0.056872,                   0,             0.65918,             0.74873,             0.69374,             0.26814,            0.049442,            0.013885,                   0,            0.004654,            0.004654,            0.004654
                 110,            0.052128,            0.059509,                   0,              0.6667,             0.69355,             0.69168,             0.28262,            0.049016,            0.014696,                   0,           0.0046045,           0.0046045,           0.0046045
                 111,            0.049058,            0.058895,                   0,             0.75445,             0.67742,             0.70162,             0.27528,            0.048589,            0.013966,                   0,            0.004555,            0.004555,            0.004555
                 112,             0.04826,            0.058812,                   0,             0.64022,             0.71757,             0.68327,             0.27932,            0.048058,            0.014067,                   0,           0.0045055,           0.0045055,           0.0045055
                 113,            0.049961,            0.054209,                   0,              0.7267,             0.60047,             0.65221,              0.2677,            0.048158,            0.014545,                   0,            0.004456,            0.004456,            0.004456
                 114,            0.051268,             0.06188,                   0,             0.70995,             0.66129,             0.71064,             0.28162,            0.047263,            0.014275,                   0,           0.0044065,           0.0044065,           0.0044065
                 115,            0.048401,            0.058891,                   0,             0.53649,             0.69355,             0.57101,             0.23008,              0.0479,             0.01511,                   0,            0.004357,            0.004357,            0.004357
                 116,             0.05101,            0.053791,                   0,             0.61411,             0.74439,             0.67792,             0.26086,            0.046841,            0.014482,                   0,           0.0043075,           0.0043075,           0.0043075
                 117,            0.051389,            0.062846,                   0,             0.73681,             0.77419,               0.722,             0.29086,             0.04654,            0.013826,                   0,            0.004258,            0.004258,            0.004258
                 118,            0.048373,            0.058163,                   0,             0.77397,             0.71806,             0.72346,             0.30374,            0.047879,            0.013762,                   0,           0.0042085,           0.0042085,           0.0042085
                 119,            0.048134,            0.053382,                   0,             0.59432,             0.69355,             0.63212,             0.29525,            0.049439,            0.013861,                   0,            0.004159,            0.004159,            0.004159
                 120,            0.047886,            0.058789,                   0,             0.56929,             0.69355,             0.60773,              0.2619,             0.05041,            0.013878,                   0,           0.0041095,           0.0041095,           0.0041095
                 121,            0.049251,            0.056837,                   0,             0.59616,             0.64516,             0.61741,             0.22651,            0.050582,            0.014441,                   0,             0.00406,             0.00406,             0.00406
                 122,            0.049274,             0.05862,                   0,             0.66214,             0.58065,             0.58225,             0.23382,            0.050069,             0.01465,                   0,           0.0040105,           0.0040105,           0.0040105
                 123,            0.051139,            0.059247,                   0,             0.61265,             0.66331,             0.64274,             0.23384,            0.049937,            0.014578,                   0,            0.003961,            0.003961,            0.003961
                 124,            0.049293,            0.051923,                   0,             0.55624,             0.66129,               0.622,             0.24109,             0.04974,            0.014862,                   0,           0.0039115,           0.0039115,           0.0039115
                 125,            0.048853,            0.060535,                   0,             0.64657,             0.56068,             0.59079,             0.24044,             0.04993,            0.015532,                   0,            0.003862,            0.003862,            0.003862
                 126,            0.049455,            0.060929,                   0,             0.53002,             0.65487,             0.58298,             0.25595,            0.049393,            0.015665,                   0,           0.0038125,           0.0038125,           0.0038125
                 127,             0.05097,            0.055325,                   0,             0.62122,             0.69355,             0.62174,             0.25108,            0.049058,            0.015055,                   0,            0.003763,            0.003763,            0.003763
                 128,            0.049889,            0.059797,                   0,             0.69099,             0.62903,             0.61506,             0.26901,            0.049369,            0.014891,                   0,           0.0037135,           0.0037135,           0.0037135
                 129,             0.04659,            0.056218,                   0,             0.66416,             0.67742,             0.62871,             0.26178,            0.049617,            0.015303,                   0,            0.003664,            0.003664,            0.003664
                 130,            0.045668,            0.054147,                   0,             0.73541,             0.67742,             0.68104,             0.27079,            0.049102,            0.014946,                   0,           0.0036145,           0.0036145,           0.0036145
                 131,            0.049075,            0.056138,                   0,             0.62994,             0.66129,             0.59238,             0.25096,            0.049658,            0.015186,                   0,            0.003565,            0.003565,            0.003565
                 132,            0.046128,            0.050362,                   0,             0.61709,             0.64516,             0.57652,             0.23857,            0.050406,            0.015381,                   0,           0.0035155,           0.0035155,           0.0035155
                 133,            0.051072,             0.05892,                   0,             0.56785,             0.64516,             0.51502,             0.21643,             0.04971,            0.015238,                   0,            0.003466,            0.003466,            0.003466
                 134,             0.04727,            0.053292,                   0,             0.62315,             0.64015,             0.50654,             0.20881,            0.051514,            0.015095,                   0,           0.0034165,           0.0034165,           0.0034165
                 135,            0.050985,             0.05254,                   0,             0.62827,             0.69355,             0.59987,             0.24933,            0.049718,            0.014879,                   0,            0.003367,            0.003367,            0.003367
                 136,            0.050096,             0.05769,                   0,              0.5858,             0.66129,             0.63719,             0.26356,            0.049984,            0.014992,                   0,           0.0033175,           0.0033175,           0.0033175
                 137,            0.049463,            0.059958,                   0,             0.63508,             0.75806,             0.65216,             0.28596,            0.048788,            0.014496,                   0,            0.003268,            0.003268,            0.003268
                 138,            0.047892,            0.054286,                   0,             0.69326,             0.69262,             0.64374,             0.29632,            0.048479,            0.014441,                   0,           0.0032185,           0.0032185,           0.0032185
                 139,            0.046243,            0.056968,                   0,             0.63646,             0.70599,             0.63456,             0.30414,            0.048122,            0.014269,                   0,            0.003169,            0.003169,            0.003169
                 140,            0.048489,            0.057554,                   0,             0.69851,             0.70968,             0.66641,             0.29734,            0.048014,            0.014172,                   0,           0.0031195,           0.0031195,           0.0031195
                 141,            0.046233,            0.056405,                   0,             0.74368,              0.6129,             0.61156,             0.25176,            0.048914,            0.014755,                   0,             0.00307,             0.00307,             0.00307
                 142,            0.046508,            0.049824,                   0,             0.69902,             0.59938,             0.61856,             0.26382,            0.049148,            0.014782,                   0,           0.0030205,           0.0030205,           0.0030205
                 143,            0.048171,            0.051743,                   0,              0.6949,              0.6129,             0.63833,              0.2895,            0.049201,            0.014259,                   0,            0.002971,            0.002971,            0.002971
                 144,            0.045457,            0.053555,                   0,             0.68736,             0.72581,             0.70239,             0.30114,            0.049545,            0.014091,                   0,           0.0029215,           0.0029215,           0.0029215
                 145,            0.048575,            0.054801,                   0,              0.7005,             0.71684,             0.67653,             0.29275,            0.049339,            0.014017,                   0,            0.002872,            0.002872,            0.002872
                 146,            0.046684,            0.057607,                   0,             0.71921,             0.66129,             0.65543,             0.28457,            0.049965,            0.014008,                   0,           0.0028225,           0.0028225,           0.0028225
                 147,            0.047551,            0.056654,                   0,             0.62116,              0.6129,             0.56451,             0.25186,            0.051937,            0.014431,                   0,            0.002773,            0.002773,            0.002773
                 148,            0.047279,            0.055256,                   0,              0.6127,             0.68896,             0.59256,             0.25896,            0.052096,            0.014713,                   0,           0.0027235,           0.0027235,           0.0027235
                 149,            0.046832,            0.050644,                   0,             0.62676,             0.67742,             0.60057,             0.26693,            0.050391,            0.014574,                   0,            0.002674,            0.002674,            0.002674
                 150,            0.049014,            0.058915,                   0,              0.6384,             0.74039,             0.64355,             0.28362,            0.050415,            0.014296,                   0,           0.0026245,           0.0026245,           0.0026245
                 151,            0.045936,            0.055907,                   0,             0.61805,             0.67742,             0.64612,             0.28258,            0.049402,            0.015011,                   0,            0.002575,            0.002575,            0.002575
                 152,            0.047001,            0.058569,                   0,             0.64915,             0.70968,             0.68534,             0.28417,            0.049108,             0.01491,                   0,           0.0025255,           0.0025255,           0.0025255
                 153,            0.049454,              0.0617,                   0,             0.72566,             0.66129,             0.67054,             0.28754,            0.049637,            0.014605,                   0,            0.002476,            0.002476,            0.002476
                 154,            0.047186,            0.055642,                   0,             0.63623,             0.75806,             0.66969,              0.2859,             0.04917,            0.014494,                   0,           0.0024265,           0.0024265,           0.0024265
                 155,            0.047675,            0.051258,                   0,              0.7377,             0.58065,             0.63439,             0.27449,            0.049936,            0.014559,                   0,            0.002377,            0.002377,            0.002377
                 156,            0.048081,            0.058106,                   0,             0.62807,             0.66129,             0.62917,             0.26675,            0.050281,            0.014421,                   0,           0.0023275,           0.0023275,           0.0023275
                 157,            0.046182,            0.055763,                   0,             0.61959,             0.69355,             0.62511,             0.26363,            0.050198,            0.014494,                   0,            0.002278,            0.002278,            0.002278
                 158,            0.047712,            0.056847,                   0,             0.65731,             0.69355,             0.64436,             0.26739,            0.050125,            0.014614,                   0,           0.0022285,           0.0022285,           0.0022285
                 159,            0.044704,            0.060034,                   0,             0.62896,             0.70968,             0.63882,             0.27166,            0.049989,            0.014229,                   0,            0.002179,            0.002179,            0.002179
                 160,            0.046605,            0.054247,                   0,             0.69818,             0.77419,             0.70249,             0.29899,            0.048543,            0.013945,                   0,           0.0021295,           0.0021295,           0.0021295
                 161,            0.046214,            0.059739,                   0,              0.6801,             0.70968,             0.66687,              0.3035,             0.04869,            0.013746,                   0,             0.00208,             0.00208,             0.00208
                 162,            0.046928,            0.055008,                   0,             0.66417,             0.70183,             0.67668,             0.29811,            0.048728,            0.013746,                   0,           0.0020305,           0.0020305,           0.0020305
                 163,            0.044391,            0.052069,                   0,             0.77128,             0.70712,             0.73571,             0.30721,            0.048368,            0.013931,                   0,            0.001981,            0.001981,            0.001981
                 164,            0.048463,            0.058191,                   0,             0.75828,             0.70838,             0.69125,             0.30198,            0.048736,            0.014034,                   0,           0.0019315,           0.0019315,           0.0019315
                 165,            0.046818,            0.053891,                   0,             0.67561,             0.69355,             0.64681,             0.30321,            0.048485,            0.014185,                   0,            0.001882,            0.001882,            0.001882
                 166,            0.045711,            0.056987,                   0,             0.69938,             0.72581,             0.66366,             0.30288,            0.048371,            0.013968,                   0,           0.0018325,           0.0018325,           0.0018325
                 167,            0.045136,            0.047466,                   0,             0.77551,             0.72435,             0.67858,             0.30205,            0.048399,            0.013987,                   0,            0.001783,            0.001783,            0.001783
                 168,            0.044588,            0.052993,                   0,              0.7092,             0.70968,             0.65894,             0.28655,            0.048503,            0.014133,                   0,           0.0017335,           0.0017335,           0.0017335
                 169,             0.04276,            0.050486,                   0,             0.70231,             0.68499,             0.62955,             0.28436,            0.049104,            0.014536,                   0,            0.001684,            0.001684,            0.001684
                 170,             0.04858,            0.053533,                   0,             0.70514,             0.73293,             0.67593,             0.28655,            0.048634,            0.014315,                   0,           0.0016345,           0.0016345,           0.0016345
                 171,            0.044216,            0.049254,                   0,             0.78373,             0.70968,             0.66684,             0.28536,             0.04897,            0.014223,                   0,            0.001585,            0.001585,            0.001585
                 172,            0.045129,            0.053788,                   0,             0.75939,             0.74194,             0.69745,             0.28798,             0.04934,            0.014145,                   0,           0.0015355,           0.0015355,           0.0015355
                 173,            0.047619,            0.057966,                   0,             0.74605,             0.71076,             0.67642,             0.27235,            0.048823,            0.014286,                   0,            0.001486,            0.001486,            0.001486
                 174,            0.044876,            0.053284,                   0,             0.69018,             0.70968,             0.65322,             0.26058,            0.048815,            0.014532,                   0,           0.0014365,           0.0014365,           0.0014365
                 175,            0.046264,            0.052738,                   0,             0.60063,             0.70968,               0.628,             0.25077,            0.049207,            0.014887,                   0,            0.001387,            0.001387,            0.001387
                 176,            0.046563,            0.053959,                   0,             0.69265,             0.59677,              0.6249,             0.24717,            0.049459,            0.015232,                   0,           0.0013375,           0.0013375,           0.0013375
                 177,            0.045677,            0.053674,                   0,             0.76243,             0.62903,             0.67561,             0.26097,            0.049706,            0.015013,                   0,            0.001288,            0.001288,            0.001288
                 178,            0.047265,            0.059668,                   0,             0.74595,             0.56835,             0.63118,             0.27191,            0.050039,            0.014812,                   0,           0.0012385,           0.0012385,           0.0012385
                 179,            0.043957,            0.051073,                   0,             0.69625,             0.70251,             0.67265,              0.2775,            0.049855,            0.014723,                   0,            0.001189,            0.001189,            0.001189
                 180,            0.042957,            0.053776,                   0,             0.66816,             0.77419,             0.67803,             0.28225,            0.049778,            0.014696,                   0,           0.0011395,           0.0011395,           0.0011395
                 181,            0.043152,            0.050757,                   0,             0.66223,             0.72581,             0.65791,             0.28654,            0.049313,            0.014641,                   0,             0.00109,             0.00109,             0.00109
                 182,            0.043035,            0.049596,                   0,              0.7039,             0.74194,             0.67472,             0.28888,            0.048903,            0.014589,                   0,           0.0010405,           0.0010405,           0.0010405
                 183,            0.045674,            0.049145,                   0,             0.73425,             0.74194,             0.67025,             0.29324,            0.049232,            0.014381,                   0,            0.000991,            0.000991,            0.000991
                 184,             0.04503,            0.052876,                   0,             0.74018,             0.74194,             0.68002,             0.29313,            0.049395,            0.014202,                   0,           0.0009415,           0.0009415,           0.0009415
                 185,            0.045213,            0.051011,                   0,             0.71718,             0.72581,             0.68145,             0.29272,            0.049463,            0.014137,                   0,            0.000892,            0.000892,            0.000892
                 186,            0.046562,             0.05376,                   0,             0.71139,             0.70968,             0.67719,              0.2914,            0.049617,            0.014076,                   0,           0.0008425,           0.0008425,           0.0008425
                 187,            0.046692,            0.054252,                   0,             0.69153,             0.72581,             0.67572,             0.29654,            0.049451,            0.014015,                   0,            0.000793,            0.000793,            0.000793
                 188,            0.044567,            0.053877,                   0,             0.72822,             0.67742,             0.67686,             0.29441,            0.049632,            0.013973,                   0,           0.0007435,           0.0007435,           0.0007435
                 189,            0.042791,            0.051017,                   0,             0.64335,             0.74194,             0.65841,             0.29139,            0.049662,            0.013945,                   0,            0.000694,            0.000694,            0.000694
                 190,            0.046121,            0.057305,                   0,             0.63275,             0.72581,             0.66414,             0.28339,            0.049428,            0.013929,                   0,           0.0006445,           0.0006445,           0.0006445
                 191,            0.047411,            0.051785,                   0,               0.659,             0.75806,             0.68745,             0.29089,            0.049267,            0.013941,                   0,            0.000595,            0.000595,            0.000595
                 192,            0.046333,            0.051969,                   0,             0.67378,             0.70968,             0.68385,             0.29207,            0.049004,            0.013979,                   0,           0.0005455,           0.0005455,           0.0005455
                 193,            0.046258,            0.054233,                   0,             0.70012,             0.71552,             0.69579,             0.29045,            0.048827,            0.013996,                   0,            0.000496,            0.000496,            0.000496
                 194,            0.045264,            0.049286,                   0,             0.66243,             0.75806,             0.67855,             0.29235,            0.048665,             0.01405,                   0,           0.0004465,           0.0004465,           0.0004465
                 195,            0.044821,            0.049789,                   0,             0.67351,             0.76533,             0.68376,             0.29805,            0.048563,            0.014069,                   0,            0.000397,            0.000397,            0.000397
                 196,            0.043766,            0.053495,                   0,              0.6873,             0.74452,             0.69632,              0.2971,             0.04863,            0.014019,                   0,           0.0003475,           0.0003475,           0.0003475
                 197,            0.046689,            0.058573,                   0,             0.66619,             0.72581,              0.6867,             0.29877,            0.048748,            0.014074,                   0,            0.000298,            0.000298,            0.000298
                 198,            0.044394,            0.053651,                   0,             0.66606,             0.72581,             0.68382,             0.29743,            0.048858,             0.01412,                   0,           0.0002485,           0.0002485,           0.0002485
                 199,            0.045837,            0.050808,                   0,             0.69056,             0.72581,             0.69174,             0.30978,            0.048944,             0.01412,                   0,            0.000199,            0.000199,            0.000199
